{"answers":{"request1":{"relevance":[[0,1.0],[2,1.0]],"result":true},"request2":{"relevance":[[1,1.0],[3,1.0],[0,0.3333333432674408],[2,0.3333333432674408]],"result":true}}}